"id","start_date","end_date","address","active","create_date"
1,"2015-03-11 13:00:00.0","2015-03-21 13:00:00.0",Голубой зал РГБИ,1,"2015-05-20 06:59:56.0"
4,"2015-05-19 13:30:00.0","2015-05-19 14:30:00.0",Голубой зал РГБИ,1,"2015-05-19 13:08:47.0"
5,"2015-05-20 13:00:00.0","2015-05-20 14:00:00.0",Музей читателя РГБИ,1,"2015-05-19 13:14:25.0"
6,"2015-05-21 13:00:00.0","2015-05-21 13:50:00.0"," Музей читателя РГБИ (Б. Дмитровка, д.8/1)",1,"2015-05-19 13:23:57.0"
7,"2015-05-28 14:00:00.0","2015-05-28 15:00:00.0","Музей читателя РГБИ (Б. Дмитровка, д.8/1)",0,"2015-05-26 12:35:00.0"
8,"2015-05-07 09:00:00.0","2015-05-31 09:00:00.0",Отдел абонемента РГБИ (Петровские линии д.1) ,1,"2015-05-20 06:59:08.0"
9,"2015-05-09 09:00:00.0","2015-05-31 09:00:00.0",Отдел абонемента РГБИ (Петровские линии д.1) ,1,"2015-05-20 07:23:10.0"
10,"2015-05-05 09:00:00.0","2015-05-31 09:00:00.0",Отдел абонемента РГБИ (Петровские линии д.1) ,1,"2015-05-22 12:25:16.0"
11,"2015-05-14 13:30:00.0","2015-05-14 15:00:00.0","Голубой зал РГБИ (Б. Дмитровка, д.8/1)",1,"2015-05-20 07:47:12.0"
12,"2015-05-12 13:30:00.0","2015-05-29 09:00:00.0","Голубой зал РГБИ (Б. Дмитровка, д.8/1)",0,"2015-05-20 08:40:22.0"
13,"2015-05-07 14:00:00.0","2015-05-07 14:30:00.0","Музей читателя РГБИ (Б. Дмитровка, д.8/1)",1,"2015-05-22 12:19:12.0"
14,"2015-05-27 10:00:00.0","2015-05-27 11:00:00.0",Музей читателя РГБИ,1,"2015-05-26 12:40:14.0"
15,"2015-06-03 09:00:00.0","2015-06-30 15:00:00.0","Национальная библиотека Удмуртской Республики, Ижевск, ул. 30 лет Победы, 14",1,"2015-06-05 09:50:03.0"
16,"2015-06-08 09:00:00.0","2015-06-27 21:00:00.0","Российский центр науки и культуры Словения, г. Любляна",1,"2015-06-05 09:56:25.0"
17,"2015-06-08 13:00:00.0","2015-06-22 09:00:00.0","Голубой зал РГБИ (Б. Дмитровка, д.8/1)",1,"2015-06-05 10:03:21.0"
18,"2015-06-11 13:00:00.0","2015-06-11 15:00:00.0","Музей читателя РГБИ  (Б. Дмитровка, д.8/1)",1,"2015-06-05 10:14:52.0"
19,"2015-06-01 09:00:00.0","2015-06-30 09:00:00.0",Отдел абонемента РГБИ  (Петровские линии д.1)  ,1,"2015-06-05 10:54:41.0"
20,"2015-07-01 09:00:00.0","2015-07-31 09:00:00.0",Отдел абонемента РГБИ  (Петровские линии д.1)  ,1,"2015-07-01 12:32:55.0"
21,"2015-08-20 12:00:00.0","2015-08-20 14:00:00.0","Зал на Кузнецком РГБИ (Кузнецкий мост, д.1)",1,"2015-08-05 06:07:53.0"
22,"2015-08-03 09:00:00.0","2015-08-31 09:00:00.0","Отдел абонемента РГБИ  (Петровские линии, д.1)  ",1,"2015-08-31 11:50:15.0"
23,"2015-09-08 13:00:00.0","2015-09-08 15:00:00.0","Донская государственная публичная библиотека.  (г. Ростов-на-Дону, ул. Пушкинская, 175а. Выставочный зал)",1,"2015-08-26 11:55:24.0"
24,"2015-09-18 13:00:00.0","2015-09-18 15:00:00.0","Крымский Вал, 10 Центральный Дом Художника (ЦДХ)",1,"2015-08-26 11:54:24.0"
25,"2015-09-18 09:00:00.0","2015-09-28 09:00:00.0","Крымский Вал, 10 Центральный Дом Художника (ЦДХ)",1,"2015-08-26 12:04:13.0"
26,"2015-09-17 09:00:00.0","2015-10-01 09:00:00.0","Голубой зал РГБИ (Б. Дмитровка, д. 8/1)",1,"2015-08-28 11:56:02.0"
27,"2015-09-24 13:00:00.0","2015-08-24 15:00:00.0","Музей читателя РГБИ  (Б. Дмитровка, д. 8/1)",1,"2015-08-28 12:00:30.0"
28,"2015-09-24 15:00:00.0","2015-09-24 16:00:00.0","Зал на Кузнецком РГБИ  (Кузнецкий мост, д.1)",1,"2015-08-28 13:37:09.0"
29,"2015-09-24 11:00:00.0","2015-09-24 12:00:00.0","Зал на Кузнецком РГБИ (Кузнецкий мост, д.1)",1,"2015-08-31 08:43:04.0"
30,"2015-09-25 12:00:00.0","2015-09-25 13:00:00.0","",1,"2015-08-31 09:20:13.0"
31,"2015-09-04 09:00:00.0","2015-10-01 09:00:00.0","Отдел абонемента РГБИ (Петровские линии, д.1) ",1,"2015-08-31 12:15:29.0"
32,"2015-10-08 13:00:00.0","2015-10-21 09:00:00.0","Голубой зал РГБИ (Б. Дмитровка, д. 8/1)",1,"2015-10-05 07:55:23.0"
33,"2015-10-01 09:00:00.0","2015-10-01 13:00:00.0","Астраханская областная публичная библиотека, (Астрахань,  ул. Эспланадная, 14)",1,"2015-10-05 08:19:28.0"
34,"2015-10-14 13:00:00.0","2015-10-14 15:00:00.0","Музей читателя РГБИ  (Б. Дмитровка, д. 8/1)",1,"2015-10-15 09:18:16.0"
35,"2015-10-13 09:00:00.0","2015-11-20 09:00:00.0","Государственная публичная научно-техническая библиотека России (ГПНТБ России) (3-я Хорошевская ул., д. 17)",1,"2015-10-15 09:21:32.0"
36,"2015-10-22 14:00:00.0","2015-10-22 16:00:00.0","Музей читателя РГБИ(Б. Дмитровка, д. 8/1)",1,"2015-10-05 09:00:54.0"
37,"2015-10-24 11:00:00.0","2015-10-24 13:00:00.0","Зал на Кузнецком РГБИ (Кузнецкий мост, д.1)",1,"2015-10-08 11:09:44.0"
38,"2015-10-27 09:00:00.0","2015-11-30 09:00:00.0","Российский культурный центр   (Венгрия, Будапешт, пр. Андраши, 120)",1,"2015-10-08 10:54:06.0"
39,"2015-10-30 13:00:00.0","2015-11-19 15:00:00.0","Голубой зал РГБИ (Б. Дмитровка, д. 8/1)",1,"2015-10-08 10:53:07.0"
40,"2015-10-30 12:00:00.0","2015-10-30 14:00:00.0","Зал на Кузнецком РГБИ (Кузнецкий мост, д. 1)",0,"2015-10-26 14:34:06.0"
41,"2015-10-03 09:00:00.0","2015-10-31 09:00:00.0",Отдел абонемента РГБИ (Петровские линии д.1) ,1,"2015-11-19 10:53:24.0"
42,"2015-11-01 09:00:00.0","2015-11-20 15:00:00.0","Государственная публичная научно-техническая библиотека России (ГПНТБ России) (3-я Хорошевская ул., д. 17)",1,"2015-11-19 08:36:52.0"
43,"2015-11-01 09:00:00.0","2015-11-19 09:00:00.0","Голубой зал РГБИ (Б. Дмитровка, д. 8/1)",1,"2015-11-19 09:15:31.0"
44,"2015-11-26 09:00:00.0","2015-11-27 16:00:00.0","РГБИ (Б. Дмитровка, д. 8/1)",1,"2015-11-19 09:23:24.0"
45,"2015-11-26 09:00:00.0","2015-12-17 09:00:00.0","",1,"2015-11-19 10:03:59.0"
46,"2015-11-28 11:00:00.0","2015-11-28 14:00:00.0","Зал на Кузнецком (Кузнецкий мост, д.1)",1,"2015-11-19 10:24:42.0"
47,"2015-11-01 11:10:27.0","2015-11-30 18:00:00.0",Отдел абонемента РГБИ (Петровские линии д.1) ,1,"2015-11-19 10:55:06.0"
48,"2015-12-01 09:00:00.0","2015-12-31 09:00:00.0",Отдел абонемента РГБИ (Петровские линии д.1),1,"2016-01-12 09:49:54.0"
49,"2015-12-26 13:00:00.0","2015-12-26 14:00:00.0","Зал на Кузнецком (Кузнецкий мост, д.1)",1,"2015-12-16 06:11:39.0"
50,"2016-01-01 13:00:00.0","2016-01-24 17:00:00.0","Голубой зал РГБИ (Б. Дмитровка, д. 8/1)",1,"2016-02-02 11:22:28.0"
51,"2015-12-17 09:00:00.0","2016-01-22 09:00:00.0","ГПНТБ (3-я Хорошевская ул., д.17)",1,"2015-12-16 06:25:14.0"
52,"2015-12-17 13:00:00.0","2015-12-17 15:00:00.0","Музей читателя РГБИ (Б. Дмитровка, д. 8/1)",1,"2015-12-16 06:40:24.0"
53,"2015-12-10 13:00:00.0","2015-12-10 15:00:00.0","Голубой зал РГБИ (Б. Дмитровка, д. 8/1)",1,"2015-12-16 06:58:20.0"
54,"2015-12-03 13:00:00.0","2015-12-03 14:00:00.0","",1,"2015-12-16 07:10:46.0"
55,"2015-11-26 09:00:00.0","2015-12-17 09:00:00.0","Музей читателя РГБИ (Б. Дмитровка, д. 8/1)",1,"2015-12-16 07:48:59.0"
56,"2016-01-11 09:00:00.0","2016-02-05 09:00:00.0","Государственный театральный институт   (Екатеринбург, ул. Вайнера, 2)",0,"2016-01-12 08:05:16.0"
57,"2016-01-14 13:03:00.0","2016-01-14 15:30:00.0","Голубой зал РГБИ (Б. Дмитровка, д. 8/1) ",1,"2016-01-12 08:22:15.0"
58,"2016-01-20 13:00:00.0","2016-01-20 14:00:00.0","",1,"2016-01-12 08:36:57.0"
59,"2016-01-23 14:00:00.0","2016-01-23 15:00:00.0","Музей читателя РГБИ (Б. Дмитровка, д. 8/1)",1,"2016-01-12 08:48:27.0"
60,"2016-01-11 09:00:00.0","2016-01-31 09:00:00.0",Отдел абонемента РГБИ (Петровские линии д.1),1,"2016-02-10 12:40:19.0"
61,"2016-01-23 13:00:00.0","2016-01-23 14:00:00.0","Зал на Кузнецком (Кузнецкий мост, д.1)",1,"2016-01-12 09:58:05.0"
62,"2016-02-01 13:00:00.0","2016-02-22 14:00:00.0","Голубой зал РГБИ (Б. Дмитровка, д. 8/1)",1,"2016-02-02 11:59:05.0"
63,"2016-02-04 13:00:00.0","2016-02-04 14:00:00.0","Музей читателя РГБИ (Б. Дмитровка, д. 8/1)",1,"2016-02-02 12:01:12.0"
64,"2016-02-05 13:00:00.0","2016-02-05 15:00:00.0","Голубой зал РГБИ (Б. Дмитровка, д. 8/1)",1,"2016-02-02 12:03:30.0"
65,"2016-02-12 13:00:00.0","2016-02-12 14:00:00.0","Голубой зал РГБИ (Б. Дмитровка, д. 8/1)",1,"2016-02-02 12:07:57.0"
66,"2016-02-14 21:00:00.0","2016-02-14 21:00:00.0","Голубой зал РГБИ (Б. Дмитровка, д. 8/1)",1,"2016-02-02 12:13:35.0"
67,"2016-02-17 09:00:00.0","2016-02-25 09:00:00.0",Русский Дом в Сербии (г. Белград),1,"2016-02-02 12:17:31.0"
68,"2016-02-20 09:00:00.0","2016-02-27 09:00:00.0",Музыкальный кадетский корпус при МГИК,1,"2016-02-02 12:42:13.0"
69,"2016-02-13 11:00:00.0","2016-02-13 14:00:00.0","Зал на Кузнецком (Кузнецкий мост, д.1)",1,"2016-02-02 13:18:47.0"
70,"2016-02-25 13:00:00.0","2016-02-25 15:00:00.0","Музей читателя РГБИ (Б. Дмитровка, д. 8/1)",1,"2016-02-02 13:21:34.0"
71,"2016-02-27 09:00:00.0","2016-02-27 13:00:00.0","Зал на Кузнецком (Кузнецкий мост, д.1)",1,"2016-02-10 10:52:35.0"
72,"2016-02-26 13:00:00.0","2016-02-16 15:00:00.0","Музей читателя РГБИ (Б. Дмитровка, д. 8/1)",1,"2016-02-10 12:07:46.0"
73,"2016-02-29 11:00:00.0","2016-02-29 13:00:00.0","Музей читателя РГБИ (Б. Дмитровка, д. 8/1)",1,"2016-02-10 12:20:30.0"
74,"2016-02-01 09:00:00.0","2016-02-29 09:00:00.0",Отдел абонемента РГБИ (Петровские линии д.1),1,"2016-02-10 12:39:48.0"
75,"2016-03-03 13:00:00.0","2016-03-03 14:30:00.0","Музей читателя РГБИ (Б. Дмитровка, д. 8/1)",1,"2016-03-01 08:01:03.0"
76,"2016-03-04 09:00:00.0","2016-03-25 09:00:00.0","Голубой зал РГБИ (Б. Дмитровка, д. 8/1)",1,"2016-03-01 08:45:10.0"
77,"2016-03-08 09:00:00.0","2016-04-08 09:00:00.0",Государственная публичная научно-техническая библиотека России,1,"2016-03-01 08:59:49.0"
78,"2016-03-10 15:00:00.0","2016-03-10 16:30:00.0","Музей читателя РГБИ (Б. Дмитровка, д. 8/1)",1,"2016-03-01 09:58:36.0"
79,"2016-03-10 09:00:00.0","2016-03-31 09:00:00.0",Национальная библиотека Республики Ингушетия им. Дж. Х. Яндиева (НБ РИ).,1,"2016-03-01 10:00:21.0"
80,"2016-03-12 11:00:00.0","2016-03-12 14:00:00.0","Зал на Кузнецком (Кузнецкий мост, д.1)",1,"2016-03-01 10:15:20.0"
81,"2016-03-17 12:00:00.0","2016-03-17 13:00:00.0","Музей читателя РГБИ (Б. Дмитровка, д. 8/1)",1,"2016-03-21 04:32:04.0"
82,"2016-03-18 13:00:00.0","2016-03-18 14:00:00.0","Музей читателя РГБИ (Б. Дмитровка, д. 8/1)",1,"2016-03-21 04:47:21.0"
83,"2016-03-22 13:00:00.0","2016-03-22 14:00:00.0","Музей читателя РГБИ (Б. Дмитровка, д. 8/1)",1,"2016-03-21 05:19:25.0"
84,"2016-03-21 13:30:00.0","2016-03-21 15:00:00.0","Голубой зал РГБИ (Б. Дмитровка, д. 8/1)",1,"2016-03-21 06:01:26.0"
85,"2016-03-23 08:30:00.0","2016-03-23 09:30:00.0","Музей читателя РГБИ (Б. Дмитровка, д. 8/1)",1,"2016-03-21 07:18:30.0"
86,"2016-03-23 14:00:00.0","2016-03-23 15:00:00.0","Голубой зал РГБИ (Б. Дмитровка, д. 8/1)",1,"2016-03-21 07:20:24.0"
87,"2016-03-24 09:00:00.0","2016-04-14 09:00:00.0",ГБУК Москвы «Библиотека искусств им. А.П. Боголюбова»,1,"2016-03-21 07:56:13.0"
88,"2016-03-25 12:00:00.0","2016-03-25 13:00:00.0","Музей читателя РГБИ (Б. Дмитровка, д. 8/1)",1,"2016-03-21 08:48:13.0"
89,"2016-03-26 11:00:00.0","2016-03-26 13:00:00.0","Зал на Кузнецком (Кузнецкий мост, д.1)",1,"2016-03-21 08:53:58.0"
90,"2016-03-28 09:00:00.0","2016-04-27 09:00:00.0",Национальная библиотека Чувашской республики  (г. Чебоксары),1,"2016-03-21 09:05:19.0"
91,"2016-03-31 13:00:00.0","2016-03-31 14:00:00.0","Музей читателя РГБИ (Б. Дмитровка, д. 8/1)",1,"2016-03-21 10:09:14.0"
92,"2016-04-01 09:00:00.0","2016-04-20 09:00:00.0",Читальный зал №2 РГБИ ,1,"2016-03-31 06:19:44.0"
93,"2016-04-04 09:00:00.0","2016-04-28 09:00:00.0","Голубой зал РГБИ (Б. Дмитровка, дом 8/1)",1,"2016-03-31 06:41:13.0"
94,"2016-04-25 09:00:00.0","2016-05-07 09:00:00.0",Читальный зал №2 РГБИ,1,"2016-03-31 07:34:28.0"
95,"2016-04-01 09:00:00.0","2016-04-30 09:00:00.0","Абонемент РГБИ (ул. Петровские линии, д.1)",1,"2016-06-01 11:11:30.0"
96,"2016-04-07 13:00:00.0","2016-04-07 14:00:00.0","Музей читателя РГБИ (Б. Дмитровка, дом 8/1)",1,"2016-04-01 08:48:45.0"
97,"2016-04-14 14:00:00.0","2016-04-14 15:00:00.0","Музей читателя РГБИ (Б. Дмитровка, дом 8/1)",1,"2016-04-01 08:50:53.0"
98,"2016-04-19 21:00:00.0","2016-04-19 21:00:00.0","Голубой зал РГБИ (Б. Дмитровка, д. 8/1)",1,"2016-04-01 09:34:59.0"
99,"2016-04-21 13:00:00.0","2016-04-21 14:00:00.0","Музей читателя РГБИ (Б. Дмитровка, дом 8/1)",1,"2016-04-20 11:32:42.0"
100,"2016-04-22 15:00:00.0","2016-04-21 21:00:00.0","РГБИ (Б. Дмитровка, дом 8/1)",1,"2016-04-05 07:50:24.0"
101,"2016-04-23 11:00:00.0","2016-04-23 13:00:00.0","Зал на Кузнецком РГБИ  (Б. Дмитровка, дом 8/1)",1,"2016-04-05 09:46:14.0"
102,"2016-05-14 11:00:00.0","2016-05-14 14:30:00.0","Зал на Кузнецком (Кузнецкий мост, д.1)",1,"2016-05-26 07:37:42.0"
103,"2016-05-17 14:30:00.0","2016-05-17 16:00:00.0","Музей читателя РГБИ (Б. Дмитровка, дом 8/1)",1,"2016-05-06 09:14:59.0"
104,"2016-05-19 15:30:00.0","2016-05-19 16:30:00.0","Музей читателя РГБИ (Б. Дмитровка, дом 8/1)",1,"2016-05-26 07:45:35.0"
105,"2016-05-28 12:00:00.0","2016-05-28 15:00:00.0","Музей читателя РГБИ (Б. Дмитровка, дом 8/1)",1,"2016-05-26 08:50:24.0"
106,"2016-05-28 11:00:00.0","2016-05-28 13:00:00.0","Зал на Кузнецком РГБИ  (Б. Дмитровка, дом 8/1)",1,"2016-05-26 08:48:55.0"
107,"2016-05-10 09:00:00.0","2016-05-31 15:00:00.0",Государственная публичная научно-техническая библиотека России,1,"2016-05-26 07:36:33.0"
108,"2016-05-19 13:30:00.0","2016-05-19 14:30:00.0","Голубой зал РГБИ (Б. Дмитровка, д. 8/1)",1,"2016-05-26 07:40:26.0"
109,"2016-05-26 15:00:00.0","2016-05-26 16:30:00.0","Музей читателя РГБИ (Б. Дмитровка, дом 8/1)",1,"2016-05-26 09:07:31.0"
110,"2016-05-30 13:30:00.0","2016-05-30 14:30:00.0","Голубой зал РГБИ (Б. Дмитровка, д. 8/1)",1,"2016-05-26 09:05:34.0"
111,"2016-03-28 09:00:00.0","2017-02-01 09:00:00.0","Музей читателя РГБИ (Б. Дмитровка, дом 8/1)",1,"2016-05-26 13:31:05.0"
112,"2016-06-02 13:00:00.0","2016-06-02 14:30:00.0","Музей читателя РГБИ (Б. Дмитровка, дом 8/1)",1,"2016-05-27 07:07:52.0"
113,"2016-06-08 09:00:00.0","2016-06-29 09:00:00.0","Голубой зал РГБИ (Б. Дмитровка, д. 8/1)",1,"2016-05-27 07:19:21.0"
114,"2016-06-08 14:00:00.0","2016-06-08 15:00:00.0","Голубой зал РГБИ (Б. Дмитровка, д. 8/1)",1,"2016-05-27 07:30:13.0"
115,"2016-06-11 11:00:00.0","2016-06-11 14:30:00.0","Зал на Кузнецком (Кузнецкий мост, д.1)",1,"2016-05-27 09:22:35.0"
116,"2016-06-23 12:00:00.0","2016-06-23 14:00:00.0","Музей читателя РГБИ (Б. Дмитровка, дом 8/1)",1,"2016-06-01 10:32:22.0"
117,"2016-06-24 13:00:00.0","2016-06-24 14:00:00.0","Музей читателя РГБИ (Б. Дмитровка, дом 8/1)",1,"2016-06-01 10:39:36.0"
118,"2016-06-01 09:00:00.0","2016-06-30 09:00:00.0",Отдел абонемента РГБИ (Петровские линии д.1),1,"2016-06-02 10:45:57.0"
119,"2016-07-01 09:00:00.0","2016-07-31 09:00:00.0",Отдел абонемента РГБИ (Петровские линии д.1),1,"2016-07-28 07:37:25.0"
120,"2016-07-21 15:30:00.0","2016-07-21 16:30:00.0","Музей читателя РГБИ (Б. Дмитровка, дом 8/1)",1,"2016-06-28 13:40:43.0"
121,"2016-07-07 15:00:00.0","2016-07-07 16:00:00.0","",1,"2016-06-29 10:14:58.0"
122,"2016-07-06 09:00:00.0","2016-07-27 09:00:00.0","Голубой зал РГБИ (Б. Дмитровка, д. 8/1)",1,"2016-06-29 11:21:15.0"
123,"2016-08-01 09:00:00.0","2016-08-31 09:00:00.0",Отдел абонемента РГБИ (Петровские линии д.1),1,"2016-09-21 13:56:28.0"
124,"2016-08-26 12:00:00.0","2016-08-26 13:00:00.0","Голубой зал РГБИ (Б. Дмитровка, д. 8/1)",1,"2016-07-28 09:12:14.0"
125,"2016-08-26 13:30:00.0","2016-08-26 14:30:00.0","Голубой зал РГБИ (Б. Дмитровка, д. 8/1)",1,"2016-07-28 09:17:21.0"
126,"2016-08-24 09:00:00.0","2016-09-21 09:00:00.0","Голубой зал РГБИ (Б. Дмитровка, д. 8/1)",1,"2016-07-28 10:21:00.0"
127,"2016-09-05 09:00:00.0","2017-01-10 09:00:00.0","Читальный зал № 2 РГБИ (Б. Дмитровка, д. 8/1)",1,"2016-09-20 08:09:09.0"
128,"2016-09-08 12:00:00.0","2016-09-08 13:00:00.0","Музей читателя РГБИ (Б. Дмитровка, дом 8/1)",1,"2016-09-20 08:10:46.0"
129,"2016-09-15 13:00:00.0","2016-09-15 14:30:00.0","",1,"2016-09-20 08:51:28.0"
130,"2016-09-20 13:30:00.0","2016-09-20 14:30:00.0","Голубой зал РГБИ (Б. Дмитровка, д. 8/1)",1,"2016-09-20 08:59:15.0"
131,"2016-09-21 12:00:00.0","2016-09-21 13:30:00.0","Музей читателя РГБИ (Б. Дмитровка, дом 8/1)",1,"2016-09-20 09:22:19.0"
132,"2016-09-24 11:00:00.0","2016-09-24 13:00:00.0","Зал на Кузнецком (Кузнецкий мост, д.1)",1,"2016-09-20 10:34:38.0"
133,"2016-09-27 12:00:00.0","2016-09-27 14:00:00.0","Музей читателя РГБИ (Б. Дмитровка, дом 8/1)",1,"2016-09-20 12:28:18.0"
134,"2016-09-29 14:00:00.0","2016-09-29 15:30:00.0","Музей читателя РГБИ (Б. Дмитровка, дом 8/1)",1,"2016-09-20 12:58:05.0"
135,"2016-09-29 09:00:00.0","2016-10-20 09:00:00.0","Голубой зал РГБИ (Б. Дмитровка, д. 8/1)",1,"2016-09-20 13:27:42.0"
136,"2016-09-30 12:00:00.0","2016-09-30 13:00:00.0","",1,"2016-09-20 14:08:23.0"
137,"2016-09-01 09:00:00.0","2016-09-30 09:00:00.0",Отдел абонемента РГБИ (Петровские линии д.1),1,"2016-09-21 13:56:20.0"
138,"2016-10-06 17:00:00.0","2016-10-06 18:00:00.0",Музей читателя РГБИ,1,"2016-10-04 13:40:12.0"
139,"2016-10-13 18:00:00.0","2016-10-13 19:30:00.0",Музей читателя РГБИ,1,"2016-10-13 16:47:00.0"
140,"2016-10-14 16:30:00.0","2016-10-14 17:30:00.0",Голубой зал РГБИ,1,"2016-10-04 13:44:27.0"
141,"2016-10-20 18:30:00.0","2016-10-20 20:30:00.0",Музей читателя РГБИ,1,"2016-10-13 16:46:13.0"
142,"2016-10-22 14:00:00.0","2016-10-22 15:30:00.0",Зал на Кузнецком РГБИ,1,"2016-10-13 16:44:45.0"
143,"2016-10-25 16:00:00.0","2016-10-25 17:30:00.0",Музей читателя РГБИ,1,"2016-10-13 16:43:00.0"
144,"2016-10-27 12:00:00.0","2016-11-17 18:00:00.0",Голубой зал РГБИ,1,"2016-10-13 16:42:25.0"
145,"2016-10-01 12:00:00.0","2016-10-31 18:00:00.0",Абонемент РГБИ,1,"2016-10-13 16:36:50.0"
146,"2016-10-01 12:00:00.0","2016-10-31 18:00:00.0",Абонемент РГБИ,1,"2016-10-13 16:34:53.0"
147,"2016-10-01 12:00:00.0","2016-10-31 18:00:00.0",Абонемент РГБИ,1,"2016-10-13 16:36:33.0"
148,"2016-10-27 16:00:00.0","2016-10-27 18:00:00.0","Музей читателя РГБИ (Б. Дмитровка, дом 8/1)",1,"2016-10-13 16:34:03.0"
149,"2016-11-04 18:00:00.0","2016-11-05 00:00:00.0","РГБИ (Б. Дмитровка, д. 8/1)",1,"2016-10-31 10:18:19.0"
150,"2016-11-04 10:00:00.0","2016-11-28 18:00:00.0","Зал на Кузнецком (Кузнецкий мост, дом 1)",1,"2016-10-31 10:40:25.0"
151,"2016-11-12 14:00:00.0","2016-11-12 17:00:00.0","Зал на Кузнецком (Кузнецкий мост, дом 1)",1,"2016-10-31 10:40:55.0"
152,"2016-11-15 16:30:00.0","2016-11-15 17:30:00.0","Голубой зал РГБИ (Б. Дмитровка, д. 8/1)",1,"2016-10-31 10:41:39.0"
153,"2016-11-24 16:00:00.0","2016-11-24 17:30:00.0","Музей читателя РГБИ (Б. Дмитровка, д. 8/1)",1,"2016-10-31 10:42:09.0"
154,"2016-11-24 10:00:00.0","2016-12-30 18:00:00.0","Голубой зал РГБИ (Б. Дмитровка, д. 8/1)",1,"2016-10-31 10:42:52.0"
155,"2016-11-26 16:00:00.0","2016-11-26 17:30:00.0","Зал на Кузнецком (Кузнецкий мост, дом 1)",1,"2016-10-31 10:43:12.0"
156,"2016-11-28 10:00:00.0","2016-11-29 18:00:00.0","РГБИ (Б. Дмитровка, дом 8/1)",1,"2016-10-31 10:43:51.0"
157,"2016-11-01 10:00:00.0","2016-11-30 18:00:00.0","Абонемент РГБИ (ул. Петровские линии, д.1)",1,"2016-10-31 10:44:41.0"
158,"2016-11-01 10:00:00.0","2016-11-30 18:00:00.0","Абонемент РГБИ (ул. Петровские линии, д.1)",1,"2016-10-31 10:44:27.0"
159,"2016-11-01 10:00:00.0","2016-11-30 18:00:00.0","Абонемент РГБИ  (ул. Петровские линии, д.1)",1,"2016-10-31 10:44:12.0"
160,"2016-12-01 17:00:00.0","2016-12-01 18:30:00.0","Музей читателя РГБИ (Б. Дмитровка, дом 8/1)",1,"2016-12-02 07:46:06.0"
161,"2016-12-13 15:00:00.0","2016-12-13 16:30:00.0","Музей читателя РГБИ (Б. Дмитровка, дом 8/1)",1,"2016-12-02 08:25:40.0"
162,"2016-12-14 11:00:00.0","2016-12-14 16:00:00.0","Музей читателя РГБИ (Б. Дмитровка, дом 8/1)",1,"2016-12-12 11:30:56.0"
163,"2016-12-16 16:00:00.0","2016-12-16 17:00:00.0","Музей читателя РГБИ (Б. Дмитровка, дом 8/1)",1,"2016-12-02 09:43:36.0"
164,"2016-12-21 16:30:00.0","2016-12-21 17:30:00.0","Голубой зал РГБИ (Б. Дмитровка, д. 8/1)",1,"2016-12-02 10:04:00.0"
165,"2016-12-22 16:00:00.0","2016-12-22 17:30:00.0",Булгаковский вечер ,1,"2016-12-02 10:22:42.0"
166,"2016-12-01 12:00:00.0","2016-12-31 12:00:00.0",Отдел абонемента РГБИ (Петровские линии д.1),1,"2016-12-02 11:10:22.0"
167,"2016-12-01 12:00:00.0","2016-12-31 12:00:00.0","Читальный зал № 2 РГБИ (Б. Дмитровка, д. 8/1)",1,"2016-12-02 11:51:20.0"
168,"2017-01-06 12:00:00.0","2017-02-06 12:00:00.0","Голубой зал РГБИ (Б. Дмитровка, д. 8/1)",1,"2016-12-28 08:42:34.0"
169,"2017-01-26 19:00:00.0","2017-01-26 20:00:00.0","Музей читателя РГБИ (Б. Дмитровка, д. 8/1)",1,"2016-12-28 09:09:52.0"
170,"2017-01-27 14:00:00.0","2017-01-27 15:00:00.0","Музей читателя РГБИ (Б. Дмитровка, дом 8/1)",1,"2016-12-28 09:20:19.0"
171,"2017-01-28 14:00:00.0","2017-01-28 15:00:00.0","Зал на Кузнецком (Кузнецкий мост, д.1)",1,"2016-12-28 09:29:00.0"
172,"2017-01-03 12:00:00.0","2017-01-31 18:00:00.0",Отдел абонемента РГБИ (Петровские линии д.1),1,"2017-02-01 05:36:09.0"
173,"2017-01-19 19:00:00.0","2017-01-19 20:00:00.0","Музей читателя РГБИ (Б. Дмитровка, дом 8/1)",1,"2017-01-18 07:27:13.0"
174,"2017-02-01 16:00:00.0","2017-02-01 17:00:00.0","Зал на Кузнецком (Кузнецкий мост, д.1)",1,"2017-01-18 08:14:53.0"
175,"2017-02-07 16:00:00.0","2017-02-07 17:30:00.0","Музей читателя РГБИ (Б. Дмитровка, дом 8/1)",1,"2017-01-18 09:17:26.0"
176,"2017-02-09 17:30:00.0","2017-02-09 19:00:00.0","Музей читателя РГБИ (Б. Дмитровка, дом 8/1)",1,"2017-01-18 09:40:13.0"
177,"2017-02-13 12:00:00.0","2017-03-03 12:00:00.0","Голубой зал РГБИ (Б. Дмитровка, д. 8/1)",1,"2017-01-18 10:13:46.0"
178,"2017-02-17 16:30:00.0","2017-02-17 17:30:00.0","Голубой зал РГБИ (Б. Дмитровка, д. 8/1)",1,"2017-02-14 14:12:16.0"
179,"2017-02-17 16:00:00.0","2017-02-17 17:00:00.0","Музей читателя РГБИ (Б. Дмитровка, дом 8/1)",1,"2017-01-18 10:31:55.0"
180,"2017-02-25 14:00:00.0","2017-02-25 15:30:00.0","Зал на Кузнецком (Кузнецкий мост, д.1)",1,"2017-01-18 10:40:22.0"
181,"2017-02-27 15:30:00.0","2017-02-27 17:30:00.0","Голубой зал РГБИ (Б. Дмитровка, д. 8/1)",1,"2017-02-22 12:32:17.0"
182,"2017-02-01 12:00:00.0","2017-02-28 18:00:00.0",Отдел абонемента РГБИ (Петровские линии д.1),1,"2017-02-01 07:27:40.0"
183,"2017-03-09 18:00:00.0","2017-03-23 19:00:00.0","Голубой зал РГБИ (Б. Дмитровка, д. 8/1)",1,"2017-03-09 16:58:38.0"
184,"2017-03-10 16:00:00.0","2017-03-10 18:00:00.0","Музей читателя РГБИ (Б. Дмитровка, д. 8/1)",1,"2017-03-09 16:59:53.0"
185,"2017-03-10 16:30:00.0","2017-03-10 18:00:00.0","Голубой зал РГБИ (Б. Дмитровка, д. 8/1)",1,"2017-03-09 16:56:24.0"
186,"2017-03-13 18:00:00.0","2017-03-13 19:00:00.0","Голубой зал РГБИ (Б. Дмитровка, д. 8/1)",1,"2017-03-09 17:03:54.0"
187,"2017-03-16 11:00:00.0","2017-03-16 16:00:00.0","Музей читателя РГБИ (Б. Дмитровка, д. 8/1)",1,"2017-03-09 17:07:13.0"
188,"2017-03-17 18:00:00.0","2017-03-17 19:00:00.0","Голубой зал РГБИ (Б. Дмитровка, д. 8/1)",1,"2017-03-09 18:36:19.0"
189,"2017-03-22 17:30:00.0","2017-03-22 19:00:00.0","Зал на Кузнецком (Кузнецкий мост, дом 1)",1,"2017-03-09 18:43:02.0"
190,"2017-03-23 18:00:00.0","2017-03-23 19:00:00.0","Музей читателя РГБИ (Б. Дмитровка, д. 8/1)",1,"2017-03-09 18:52:34.0"
191,"2017-03-25 11:00:00.0","2017-03-31 19:00:00.0","Голубой зал РГБИ (Б. Дмитровка, д. 8/1)",1,"2017-03-10 15:31:23.0"
192,"2017-03-25 15:00:00.0","2017-03-25 19:00:00.0","Голубой зал РГБИ (Б. Дмитровка, д. 8/1)",1,"2017-03-10 15:35:08.0"
193,"2017-03-27 16:30:00.0","2017-03-27 18:00:00.0","Голубой зал РГБИ (Б. Дмитровка, д. 8/1)",1,"2017-03-10 15:37:21.0"
194,"2017-03-06 11:00:00.0","2017-03-31 19:00:00.0","Зал на Кузнецком (Кузнецкий мост, дом 1)",1,"2017-03-10 15:41:56.0"
195,"2017-03-17 17:00:00.0","2017-03-17 18:30:00.0","Зал на Кузнецком (Кузнецкий мост, дом 1)",1,"2017-03-10 16:05:38.0"
196,"2017-03-22 16:00:00.0","2017-03-22 18:00:00.0","Зал на Кузнецком (Кузнецкий мост, дом 1)",1,"2017-03-10 16:10:12.0"
197,"2017-03-30 18:30:00.0","2017-03-30 19:30:00.0","Музей читателя РГБИ (Б. Дмитровка, д. 8/1)",0,"2017-03-10 16:31:08.0"
198,"2017-03-31 15:00:00.0","2017-03-31 16:00:00.0","Музей читателя РГБИ (Б. Дмитровка, д. 8/1)",1,"2017-03-10 16:36:37.0"
199,"2017-03-01 11:00:00.0","2017-03-31 19:00:00.0",Читальный зал №2,1,"2017-03-10 16:52:01.0"
200,"2017-03-01 11:00:00.0","2017-03-31 19:00:00.0","Абонемент РГБИ (ул. Петровские линии, д.1)",1,"2017-03-10 16:54:45.0"
201,"2017-03-01 11:00:00.0","2017-03-31 19:00:00.0","Абонемент РГБИ (ул. Петровские линии, д.1)",1,"2017-03-10 17:01:10.0"
202,"2017-03-01 11:00:00.0","2017-03-31 19:00:00.0","Абонемент РГБИ (ул. Петровские линии, д.1)",1,"2017-03-10 17:04:26.0"
203,"2017-04-07 12:00:00.0","2017-05-05 12:00:00.0","Голубой зал РГБИ (Б. Дмитровка, д. 8/1)",1,"2017-03-28 09:22:56.0"
204,"2017-04-20 18:30:00.0","2017-04-20 19:30:00.0","Музей читателя РГБИ (Б. Дмитровка, дом 8/1)",1,"2017-03-28 09:27:37.0"
205,"2017-04-22 14:00:00.0","2017-04-22 15:00:00.0","Зал на Кузнецком (Кузнецкий мост, д.1)",1,"2017-03-28 09:30:03.0"
206,"2017-04-22 18:00:00.0","2017-04-23 00:00:00.0",РГБИ,1,"2017-04-21 09:34:12.0"
207,"2017-04-27 16:00:00.0","2017-04-27 17:00:00.0","Музей читателя РГБИ (Б. Дмитровка, дом 8/1)",1,"2017-03-28 10:12:20.0"
208,"2017-04-28 15:00:00.0","2017-04-28 16:00:00.0","Музей читателя РГБИ (Б. Дмитровка, дом 8/1)",1,"2017-03-29 08:37:21.0"
209,"2017-04-01 12:00:00.0","2017-04-30 00:00:00.0",Отдел абонемента РГБИ (Петровские линии д.1),1,"2017-04-26 12:57:55.0"
210,"2017-05-01 12:00:00.0","2017-05-22 12:00:00.0","РГБИ (Б. Дмитровка, д. 8/1)",1,"2017-04-26 07:47:03.0"
211,"2017-05-02 12:00:00.0","2017-06-02 12:00:00.0","Екатеринбургский государственный театральный институт,  г. Екатеринбург",1,"2017-04-26 08:21:58.0"
212,"2017-05-11 17:00:00.0","2017-05-11 18:00:00.0","Музей читателя РГБИ (Б. Дмитровка, д. 8/1)",1,"2017-04-26 08:40:43.0"
213,"2017-05-15 16:00:00.0","2017-05-22 12:00:00.0","Голубой зал РГБИ (Б. Дмитровка, д. 8/1)",1,"2017-04-26 11:05:22.0"
214,"2017-04-17 16:00:00.0","2017-04-17 17:30:00.0","Голубой зал РГБИ (Б. Дмитровка, д. 8/1)",1,"2017-04-26 10:35:10.0"
215,"2017-05-18 16:00:00.0","2017-05-18 17:30:00.0","Музей читателя РГБИ (Б. Дмитровка, дом 8/1)",1,"2017-04-26 10:38:51.0"
216,"2017-05-18 18:30:00.0","2017-05-18 19:00:00.0","Музей читателя РГБИ (Б. Дмитровка, дом 8/1)",1,"2017-04-26 10:40:27.0"
217,"2017-05-19 00:00:00.0","2017-04-19 00:00:00.0","Музей читателя РГБИ (Б. Дмитровка, дом 8/1)",1,"2017-04-26 11:05:13.0"
218,"2017-05-20 14:00:00.0","2017-05-20 16:00:00.0","Зал на Кузнецком (Кузнецкий мост, д.1)",1,"2017-04-26 11:11:09.0"
219,"2017-05-26 12:00:00.0","2017-06-26 12:00:00.0","Голубой зал РГБИ (Б. Дмитровка, д. 8/1)",1,"2017-06-05 11:12:06.0"
220,"2017-05-25 17:00:00.0","2017-05-25 18:00:00.0","Музей читателя РГБИ (Б. Дмитровка, дом 8/1)",1,"2017-05-10 10:14:48.0"
221,"2017-05-05 12:00:00.0","2017-05-25 12:00:00.0","РГБИ, читальный зал № 2",1,"2017-04-26 12:24:06.0"
222,"2017-05-01 12:00:00.0","2017-05-31 12:00:00.0",Отдел абонемента РГБИ (Петровские линии д.1),1,"2017-04-26 12:58:00.0"
223,"2017-06-01 17:00:00.0","2017-06-01 18:00:00.0","Музей читателя РГБИ (Б. Дмитровка, д. 8/1)",1,"2017-06-05 10:59:18.0"
224,"2017-06-08 18:30:00.0","2017-06-08 21:00:00.0","Музей читателя РГБИ (Б. Дмитровка, д. 8/1)",1,"2017-06-05 12:00:16.0"
225,"2017-06-15 16:00:00.0","2017-06-15 17:30:00.0","Музей читателя РГБИ (Б. Дмитровка, дом 8/1)",1,"2017-06-05 12:06:54.0"
226,"2017-06-24 14:00:00.0","2017-06-24 17:00:00.0","Зал на Кузнецком (Кузнецкий мост, д.1)",1,"2017-06-05 12:11:37.0"
227,"2017-06-01 12:00:00.0","2017-06-30 12:00:00.0",Отдел абонемента РГБИ (Петровские линии д.1),1,"2017-06-05 12:42:49.0"
228,"2017-07-09 11:00:00.0","2017-08-01 18:00:00.0","Читальный зал №2 РГБИ (Б. Дмитровка, д. 8/1)",1,"2017-08-09 14:47:44.0"
229,"2017-07-18 11:00:00.0","2017-08-08 18:00:00.0","Голубой зал  РГБИ  (Б. Дмитровка, д. 8/1)",1,"2017-07-21 11:33:30.0"
230,"2017-07-27 18:00:00.0","2017-07-27 21:00:00.0","Голубой зал РГБИ (Б. Дмитровка, д. 8/1)",1,"2017-07-21 19:09:37.0"
231,"2017-07-27 16:00:00.0","2017-07-27 18:00:00.0","Музей читателя РГБИ (Б. Дмитровка, д. 8/1)",1,"2017-07-21 11:51:33.0"
232,"2017-07-01 12:00:00.0","2017-07-31 18:00:00.0",г. Белгород Белгородская областная универсальная научная библиотека,1,"2017-07-21 11:52:58.0"
233,"2017-07-01 11:00:00.0","2017-07-20 18:00:00.0",г. Минск Национальная библиотека Беларуси,1,"2017-07-21 11:53:54.0"
234,"2017-07-01 11:00:00.0","2017-07-31 18:00:00.0","Абонемент РГБИ (ул. Петровские линии, д.1)",1,"2017-07-21 11:55:00.0"
235,"2017-07-01 11:00:00.0","2017-07-31 18:00:00.0","Абонемент РГБИ (ул. Петровские линии, д.1)",1,"2017-07-21 11:55:56.0"
236,"2017-07-01 11:00:00.0","2017-07-31 18:00:00.0","Абонемент РГБИ (ул. Петровские линии, д.1)",1,"2017-07-21 11:56:43.0"
237,"2018-05-30 11:00:00.0","2018-05-30 12:30:00.0","РГБИ,  Музей читателя (Б. Дмитровка, д. 8/1)",1,"2018-04-26 15:26:17.0"
